"Code", ""Wahl"/"Pflicht"", "Lernort", "Kriterium", "Niveau" 
"a1.1" , "Pflicht", "BE", "Sie identifizieren die nötigen Schnittstellen.", "LN 4"
"a1.2", "Pflicht", "BE", "Sie bestimmen den Kostenrahmen.", "LN 4"
"a1.3", "Pflicht", "BFS", "Sie erstellen Kostenzusammenstellungen.", "LN 3"
"a1.4", "Pflicht", "BE", "Sie identifizieren die einzuhaltenden Normen.", "LN 3"
"a1.5", "Pflicht", "BE", "Sie identifizieren das Einsatzgebiet.", "LN 3"
"a1.6", "Pflicht", "BFS", "Sie wählen geeignete Werkstoffe passend zur Einsatzumgebung und Zweck aus.", "LN 2"
"a1.7", "Pflicht", "BE", "Sie erstellen aus den gesammelten Informationen das Pflichtenheft.", "LN 3"
"a1.8", "Pflicht", "BFS", "Sie erläutern die Unterschiede zwischen Lasten- und Pflichtenheft.", "LN 2"
"a1.9", "Pflicht", "BFS", "Sie formulieren technische Produkteigenschaften zielgruppengerecht.", "LN 2"
"a1.10", "Pflicht", "BFS", "Sie erstellen beispielhafte Pflichtenhefte.", "LN 2"
"a1.11", "Pflicht", "BE", "Sie identifizieren Mess- und Prüfkriterien.", "LN 4"
"a1.12", "Pflicht", "BE", "Sie stellen die Kundenanforderungen graphisch dar.", "LN 3"
"a1.13", "Pflicht", "BFS", "Sie verwenden verschiedene graphische Darstellungsarten zur Darstellung von Kundenanforderungen.", "LN 3"
"a1.14", "Pflicht", "BE", "Sie dokumentieren und archivieren ihre Arbeit nachvollziehbar mit festgelegten Hilfsmitteln nach betrieblichen Vorgaben.", "LN 2"
"a1.15", "Pflicht", "BE", "Sie dokumentieren und archivieren ihre Arbeit nachvollziehbar laufend und lückenlos mit situativ geeigneten Hilfsmitteln unter Einhaltung betrieblicher Vorgaben.", "LN 3"
"a1.16", "Pflicht", "BFS", "Sie dokumentieren und archivieren ihre Arbeit nachvollziehbar mit festgelegten Hilfsmitteln nach Vorgaben.", "LN 2"
"a1.17", "Pflicht", "BFS", "Sie dokumentieren und archivieren ihre Arbeit laufend und lückenlos mit situativ geeigneten Hilfsmitteln unter Einhaltung der Vorgaben.", "LN 3"
"a1.18", "Pflicht", "BFS", "Sie verwenden geeignete Werkzeuge zur Dokumentation ihrer Arbeit.", "LN 3"
"a1.19", "Pflicht", "BFS", "Sie dokumentieren Informationen zu ihrer Arbeit.", "LN 3"
"a1.20", "Pflicht", "üK", "Sie dokumentieren und archivieren ihre Arbeit beispielhaft nachvollziehbar mit festgelegten Hilfsmitteln nach Vorgaben.", "LN 2"
"a1.21", "Pflicht", "BE", "Sie interpretieren definierte betriebliche Prozesse und arbeiten diese korrekt ab.", "LN 2"
"a1.22", "Pflicht", "BE", "Sie erfassen relevante Informationen für neue betriebliche Prozesse.", "LN 3"
"a1.23", "Pflicht", "BE", "Sie gestalten betriebliche Prozessabläufe und erstellen geeignete Prozessdokumente unter Einhaltung der betrieblichen Vorgaben.", "LN 4"
"a1.24", "Pflicht", "BFS", "Sie interpretieren definierte Prozesse.", "LN 2"
"a1.25", "Pflicht", "BFS", "Sie erfassen relevante Informationen für neue Prozesse.", "LN 3"
"a1.26", "Pflicht", "BFS", "Sie gestalten Prozessabläufe und erstellen geeignete Prozessdokumente.", "LN 4"
"a1.27", "Pflicht", "üK", "Sie interpretieren ausgewählte definierte Prozesse und arbeiten diese korrekt ab.", "LN 2"
"a1.28", "Pflicht", "üK", "Sie gestalten beispielhafte Prozessabläufe und erstellen geeignete Prozessdokumente.", "LN 3"
"a1.29", "Pflicht", "BE", "Sie setzen technische Normen und Richtlinien in der Planung anwendungsspezifisch ein.", "LN 3"
"a1.31", "Pflicht", "BE", "Sie setzen technische Normen und Richtlinien im Handeln anwendungsspezifisch um.", "LN 3"
"a1.32", "Pflicht", "BFS", "Sie interpretieren technische Normen und Richtlinien anwendungsspezifisch.", "LN 3"
"a1.33", "Pflicht", "üK", "Sie setzen technische Normen und Richtlinien in der Planung anwendungsspezifisch ein.", "LN 2"
"a1.34", "Pflicht", "üK", "Sie setzen technische Normen und Richtlinien im Handeln anwendungsspezifisch um.", "LN 1"
"a1.35", "Pflicht", "BE", "Sie setzen Informationen aus Normen und Richtlinien in technischen Dokumentationen um.", "LN 3"
"a1.36", "Pflicht", "BFS", "Sie erstellen technische Dokumentationen.", "LN 3"
"a1.37", "Pflicht", "BFS", "Sie interpretieren technische Dokumentationen.", "LN 3"
"a1.38", "Pflicht", "üK", "Sie setzen Informationen aus Normen und Richtlinien in technischen Dokumentationen um.", "LN 1"
"a2.1", "Pflicht", "BE", "Sie konzipieren unter Anwendung geeigneter Methoden Lösungsvarianten für Produkte.", "LN 5"
"a2.2", "Pflicht", "BFS", "Sie unterscheiden Methoden zur Lösungssuche und wenden diese an beispielhaften Situationen an.", "LN 3"
"a2.3", "Pflicht", "BE", "Sie dokumentieren die Lösungssuche.", "LN 3"
"a2.4", "Pflicht", "BFS", "Sie erstellen für unterschiedliche Methoden zur Lösungssuche eine entsprechende technische Dokumentation.", "LN 2"
"a2.5", "Pflicht", "BE", "Sie stellen Lösungsansätze graphisch dar.", "LN 3"
"a2.6", "Pflicht", "BFS", "Sie setzen verschiedene graphischen Darstellungsarten an beispielhaften Lösungsansätzen ein.", "LN 2"
"a2.7", "Pflicht", "BE", "Sie unterteilen Lösungsansätze in sinnvolle Einheiten und definieren die Schnittstellen.", "LN 4"
"a2.8", "Pflicht", "üK", "Sie definieren anhand vorgegebener Lösungsansätze Funktionsblöcke.", "LN 2"
"a2.9", "Pflicht", "BE", "Sie suchen typische oder bestehende Lösungsansätze zur Lösung von Teilproblemen.", "LN 5"
"a2.10", "Pflicht", "üK", "Sie interpretieren typische Lösungsansätze und setzen diese zu einer Gesamtlösung zusammen.", "LN 2"
"a2.11", "Pflicht", "BE", "Sie recherchieren in der einschlägigen Literatur zu Hard- und Software nach möglichen Lösungsansätzen.", "LN 3"
"a2.12", "Pflicht", "BE", "Sie bewerten die ökologische Wertigkeit der einzelnen Lösungen.", "LN 4"
"a2.13", "Pflicht", "BFS", "Sie beurteilen ökologische Ansätze, sowie Technologien zur Ökologie und deren Anwendungsgebiete.", "LN 3"
"a2.14", "Pflicht", "BE", "Sie setzen bei der Lösungsauswahl geeignete Methoden zur Entscheidungsfindung ein.", "LN 5"
"a2.15", "Pflicht", "BFS", "Sie unterscheiden Methoden zur Entscheidungsfindung und wenden diese an beispielhaften Situationen an.", "LN 3"
"a2.16", "Pflicht", "BE", "Sie dokumentieren die Entscheidungsfindung.", "LN 3"
"a2.17", "Pflicht", "BFS", "Sie erstellen für unterschiedliche Methoden zur Entscheidungsfindung eine entsprechende technische Dokumentation.", "LN 2"
"a2.18", "Pflicht", "BFS", "Sie planen ihre Arbeit unter Einbezug der Werkstoff-, Fertigungs- und Maschinentechnik und führen sie aus.", "LN 3"
"a2.19", "Pflicht", "BFS", "Sie planen ihre Arbeit unter Einbezug naturwissenschaftlicher Aspekte und führen sie aus.", "LN 3"
"a2.20", "Pflicht", "BFS", "Sie wenden bei der Bearbeitung technischer Problemstellungen mathematische Konzepte an.", "LN 3"
"a3.1", "Pflicht", "BE", "Sie planen gemäss den Anforderungen Versuchsanordnungen.", "LN 5"
"a3.2", "Pflicht", "BE", "Sie bauen Versuchsanordnungen auf.", "LN 3"
"a3.3", "Pflicht", "üK", "Sie bauen mit einfachen handwerklichen Mitteln Versuchsaufbauten auf.", "LN 2"
"a3.4", "Pflicht", "BE", "Sie überprüfen mit den Versuchsaufbauten die Machbarkeit.", "LN 4"
"a3.5", "Pflicht", "BE", "Sie dokumentieren die Messergebnisse aus den Versuchen.", "LN 3"
"a3.6", "Pflicht", "BFS", "Sie dokumentieren und archivieren ihre Arbeit laufend und lückenlos mit situativ geeigneten Hilfsmitteln unter Einhaltung der Vorgaben.", "LN 3"
"a3.7", "Pflicht", "BFS", "Sie verwenden geeignete Werkzeuge zur Dokumentation ihrer Arbeit.", "LN 3"
"a3.8", "Pflicht", "BE", "Sie schätzen die Erfüllbarkeit der Anforderungen durch die erstellten Konzepte ab.", "LN 4"
"a3.9", "Pflicht", "BE", "Sie recherchieren in der einschlägigen Literatur zu Hard- und Software nach möglichen Lösungsansätzen.", "LN 4"
"a3.10", "Pflicht", "BFS", "Sie interpretieren technische Dokumentationen in englischer Sprache.", "LN 2"
"a3.11", "Pflicht", "BE", "Sie entscheiden zusammen mit den Verantwortlichen auf Basis der Messergebnisse über das weitere Vorgehen.", "LN 4"
"a3.12", "Pflicht", "BE", "Sie setzen Standardapplikationen und betriebliche Software in ihrer Arbeit effektiv und effizient ein.", "LN 3"
"a3.13", "Pflicht", "BE", "Sie erfassen, verarbeiten und visualisieren Daten und stellen diese zur Verfügung.", "LN 3"
"a3.14", "Pflicht", "BFS", "Sie beschaffen und strukturieren Daten aus unterschiedlichen Quellen.", "LN 3"
"a3.15", "Pflicht", "BFS", "Sie visualisieren Daten.", "LN 3"
"a3.16", "Pflicht", "üK", "Sie erfassen, verarbeiten und visualisieren Daten und stellen diese zur Verfügung.", "LN 2"
"a3.17", "Pflicht", "üK", "Sie setzen ausgewählte Standardapplikationen und industrieübliche Software effektiv und effizient ein.", "LN 2"
"a3.18", "Pflicht", "BE", "Sie nutzen vernetzte Systeme im betrieblichen Alltag effizient. Sie gestalten ihr Handeln jederzeit optimal und sicher.", "LN 3"
"a3.19", "Pflicht", "BFS", "Sie vernetzen Komponenten zu Systemen, um Arbeitsprozesse zu unterstützen und kontinuierlich zu verbessern.", "LN 4"
"a3.20", "Pflicht", "BFS", "Sie setzen einzelne Komponenten entsprechend ihrer Funktion ein, und konstruieren digitale Netzwerke.", "LN 4"
"a3.21", "Pflicht", "BFS", "Sie erläutern Vor- und Nachteile von vernetzten Komponenten.", "LN 3"
"a3.22", "Pflicht", "üK", "Sie nutzen vernetzte Systeme bei ihren Tätigkeiten effizient. Sie gestalten ihr Handeln jederzeit optimal und sicher.", "LN 2"
"a3.23", "Pflicht", "BE", "Sie erkennen Cyberbedrohungen, die Schaden an der digitalen Infrastruktur anrichten, und setzen Massnahmen zur Schadensbegrenzung um.", "LN 4"
"a3.24", "Pflicht", "BE", "Sie setzen Massnahmen zur Verminderung und Verhinderung von Gefahren bei der Benutzung von digitalen Arbeitsmitteln um.", "LN 3"
"a3.25", "Pflicht", "BFS", "Sie schützen sich und ihr Umfeld gegen Cyberbedrohungen.", "LN 3"
"a3.26", "Pflicht", "BFS", "Sie schätzen mögliche Auswirkungen von Cyberbedrohungen und Sicherheitslücken ab.", "LN 3"
"a3.27", "Pflicht", "BFS", "Sie identifizieren aktuelle Cyberbedrohungen und Gefahren.", "LN 2"
"a3.28", "Pflicht", "üK", "Sie setzen Massnahmen zur Verminderung und Verhinderung von Gefahren bei der Benutzung von digitalen Arbeitsmitteln um.", "LN 2"
"b1.1", "Pflicht", "BE", "Sie evaluieren auf Grund von Anforderungen elektronische Komponenten.", "LN 4"
"b1.2", "Pflicht", "BFS", "Sie dimensionieren elektronische Komponenten.", "LN 4"
"b1.3", "Pflicht", "üK", "Sie messen die Eigenschaften der elektronischen Komponenten.", "LN 2"
"b1.4", "Pflicht", "üK", "Sie entnehmen aus technischen Datenblättern die relevanten Eigenschaften von Bauteilen.", "LN 2"
"b1.5", "Pflicht", "BE", "Sie entwickeln auf Grund des Konzepts die Schaltung.", "LN 5"
"b1.6", "Pflicht", "BFS", "Sie erarbeiten klassische Grundschaltungen.", "LN 4"
"b1.7", "Pflicht", "BFS", "Sie erläutern die Prinzipien des Ecodesigns in Bezug auf material- und energieeffizientes Design.", "LN 2"
"b1.8", "Pflicht", "üK", "Sie wenden klassische Grundschaltungen an.", "LN 2"
"b1.9", "Pflicht", "BE", "Sie überprüfen auf Grund des Schemas die prinzipielle Funktion von Schaltungsteilen.", "LN 3"
"b1.10", "Pflicht", "BFS", "Sie simulieren elektronische Schaltungen.", "LN 4"
"b1.11", "Pflicht", "üK", "Sie überprüfen die Schaltung mit Messgeräten.", "LN 3"
"b1.12", "Pflicht", "BE", "Sie zeichnen mit einem CAD-System nach Firmenvorgaben das Schema.", "LN 3"
"b1.13", "Pflicht", "BFS", "Sie setzen für das Schema nach geltenden Normen die richtigen Symbole und Bezeichner ein.", "LN 2"
"b1.14", "Pflicht", "BFS", "Sie zeichnen leserliche Schemas.", "LN 2"
"b1.15", "Pflicht", "BE", "Sie erfassen in Bauteilbibliotheken alle relevanten Daten.", "LN 3"
"b2.1", "Pflicht", "BE", "Sie erstellen mit einem CAD-System nach Designregeln Layouts.", "LN 4"
"b2.2", "Pflicht", "BFS", "Sie erklären die grundlegenden Eigenschaften einer Leiterplatte.", "LN 1"
"b2.3", "Pflicht", "BFS", "Sie erstellen unter Berücksichtigung der physikalischen Begebenheiten das Layout von Leiterplatten.", "LN 4"
"b2.4", "Pflicht", "BE", "Sie wenden die Designempfehlungen aus den Datenblättern in den Layouts an.", "LN 3"
"b2.5", "Pflicht", "BE", "Sie zeichnen die Leiterplatte gemäss dem mechanischen Konzept.", "LN 3"
"b2.6", "Pflicht", "BFS", "Sie unterscheiden Komponenten Bauformen.", "LN 2"
"b2.7", "Pflicht", "BFS", "Sie entscheiden sich für genormte Darstellungs- und Spezifikationsarten und wenden diese den Funktionen entsprechend an.", "LN 2"
"b2.8", "Pflicht", "BE", "Sie erfassen in Bauteilbibliotheken alle relevanten Daten.", "LN 3"
"b2.9", "Pflicht", "BE", "Sie generieren die notwendigen Dateien für die Herstellung und Bestückung der Leiterplatte.", "LN 3"
"b2.10", "Pflicht", "BFS", "Sie erklären die Bedeutung der verschiedenen Produktionsdaten.", "LN 1"
"b2.11", "Pflicht", "BE", "Sie bestellen bei einem Hersteller Prototypen der Leiterplatte.", "LN 3"
"b3.1", "Pflicht", "BE", "Sie stellen gemäss Fertigungsunterlagen das Material bereit.", "LN 3"
"b3.2", "Pflicht", "BE", "Sie kontrollieren das bereitgestellte Material.", "LN 2"
"b3.3", "Pflicht", "BFS", "Sie stellen gemäss Fertigungsunterlagen das Material bereit.", "LN 2"
"b3.4", "Pflicht", "BFS", "Sie kontrollieren das bereitgestellte Material.", "LN 1"
"b3.5", "Pflicht", "BFS", "Sie interpretieren Fertigungsunterlagen wie Zeichnungen, Stücklisten und Zusammenstellungszeichnungen.", "LN 2"
"b3.6", "Pflicht", "BE", "Sie planen je nach Verfügbarkeit des Materials oder anderer Ressourcen die Arbeiten.", "LN 4"
"b3.7", "Pflicht", "BE", "Sie halten zum Schutz von Personen und Betriebsmittel die Sicherheitsmassnahmen ein.", "LN 3"
"b3.8", "Pflicht", "BFS", "Sie erklären die Effekte der elektrostatischen Entladung (ESD).", "LN 1"
"b3.9", "Pflicht", "BE", "Sie stellen Kabel für elektrische Verbindungen her.", "LN 3"
"b3.10", "Pflicht", "BFS", "Sie beschreiben die Eigenschaften von verschiedenen Leiter- und Steckertypen.", "LN 1"
"b3.11", "Pflicht", "üK", "Sie stellen Kabel mit unterschiedlichen Steckertypen her.", "LN 2"
"b3.12", "Pflicht", "BE", "Sie bestücken und löten Leiterplatten.", "LN 3"
"b3.13", "Pflicht", "üK", "Sie bestücken und löten beispielhafte Leiterplatten mit verschiedensten Bauarten von Bauteilen.", "LN 2"
"b3.14", "Pflicht", "BE", "Sie modifizieren bestehende Leiterplatten oder Baugruppen.", "LN 3"
"b3.15", "Pflicht", "üK", "Sie modifizieren Leiterplatten.", "LN 2"
"b3.16", "Pflicht", "BE", "Sie korrigieren fehlende oder falsche Angaben in den Unterlagen.", "LN 3"
"b3.17", "Pflicht", "üK", "Sie korrigieren fehlende oder falsche Angaben in den Unterlagen.", "LN 2"
"b3.18", "Pflicht", "BE", "Sie nehmen einfache mechanische Montagen vor.", "LN 3"
"b3.19", "Pflicht", "üK", "Sie setzen verschiedene mechanische Verbindungstechnologien ein.", "LN 2"
"b3.20", "Pflicht", "BE", "Sie kontrollieren optisch nach Prüfkriterien die Lötstellen, Bestückungen und Verbindungen.", "LN 3"
"b3.21", "Pflicht", "üK", "Sie bewerten optisch nach vorgegebenen Kriterien Lötstellen, Bestückungen und Verbindungen.", "LN 2"
"b3.22", "Pflicht", "BE", "Sie schützen Leiterplatten oder Baugruppen vor möglichen Schadeinwirkungen.", "LN 3"
"b3.23", "Pflicht", "BFS", "Sie erläutern schädliche Einflüsse auf Leiterplatten oder Baugruppen.", "LN 2"
"b3.24", "Pflicht", "BE", "Sie schützen sich und Betriebsmittel vor Schäden und führen Abfälle einer Wiederverwertung zu oder entsorgen sie umweltgerecht.", "LN 3"
"b3.25", "Pflicht", "BFS", "Sie identifizieren in Datenblättern oder Inhaltsangaben problematische Stoffe und mögliche Gefahren bezüglich Arbeits- und Umweltschutz.", "LN 4"
"b3.26", "Pflicht", "BE", "Sie organisieren ihren Arbeitsplatz.", "LN 3"
"b3.27", "Pflicht", "BE", "Sie wählen die für ihre Arbeit benötigen Materialien, Hilfsstoffe und Arbeitsmittel aus und stellen diese bereit.", "LN 4"
"b3.28", "Pflicht", "BE", "Sie gewährleisten die Pflege und den Unterhalt der Werkzeuge/Arbeitsgeräte und Verbrauchsgüter.", "LN 3"
"b3.29", "Pflicht", "üK", "Sie organisieren ihren Arbeitsplatz.", "LN 1"
"b3.30", "Pflicht", "üK", "Sie wählen die für ihre Arbeit benötigen Materialien, Hilfsstoffe und Arbeitsmittel aus und stellen diese bereit.", "LN 1"
"b3.31", "Pflicht", "üK", "Sie gewährleisten die Pflege und den Unterhalt der Werkzeuge/Arbeitsgeräte und Verbrauchsgüter.", "LN 1"
"b3.32", "Pflicht", "BE", "Sie lagern Material und Waren fachgerecht gemäss betrieblichen und rechtlichen Vorgaben/Anforderungen.", "LN 3"
"b3.33", "Pflicht", "BE", "Sie beschaffen Material und Waren fachgerecht gemäss betrieblichen und rechtlichen Vorgaben/Anforderungen.", "LN 4"
"b3.34", "Pflicht", "BE", "Sie bewirtschaften auftragsbezogenes Material, Ersatzteile, Waren oder Dienstleistungen und stellen diese bereit.", "LN 4"
"b3.35", "Pflicht", "üK", "Sie bewirtschaften auftragsbezogene Materialien, Ersatzteile, Waren oder Dienstleistungen und stellen diese bereit.", "LN 1"
"b3.36", "Pflicht", "BE", "Sie decken durch Kontrollen der Arbeitssicherheit Defizite auf und leiten korrigierende Massnahmen ein.", "LN 5"
"b3.37", "Pflicht", "BE", "Sie leisten einen Beitrag zur laufenden Weiterentwicklung der Arbeitssicherheit.", "LN 3"
"b3.38", "Pflicht", "BFS", "Sie identifizieren relevante Massnahmen und Verhaltensregeln zur Einhaltung von Arbeitssicherheit.", "LN 4"
"b3.39", "Pflicht", "BE", "Sie setzen die Vorgaben zur Arbeitssicherheit in ihrer Arbeit um und stellen die Einhaltung in ihrem Umfeld sicher.", "LN 3"
"b3.40", "Pflicht", "BE", "Sie dokumentieren die Einhaltung von Arbeitssicherheit und Umweltschutz nach betrieblichen Vorgaben.", "LN 3"
"b3.41", "Pflicht", "BE", "Sie halten im eigenen Arbeitsumfeld die gesetzlichen Vorschriften und betrieblichen Vorgaben zum Schutz der Umwelt ein.", "LN 3"
"b3.42", "Pflicht", "BE", "Sie dokumentieren deren Einhaltung nach betrieblichen Vorgaben.", "LN 3"
"b3.43", "Pflicht", "BFS", "Sie planen an Beispielen aus ihrem Arbeitsumfeld Massnahmen und Verhaltensvorgaben.", "LN 4"
"b3.44", "Pflicht", "üK", "Sie setzen die Vorgaben zur Arbeitssicherheit in ihrer Arbeit um und stellen die Einhaltung in ihrem Umfeld sicher.", "LN 1"
"b3.45", "Pflicht", "üK", "Sie dokumentieren die Einhaltung von Arbeitssicherheit und Umweltschutz nach betrieblichen Vorgaben.", "LN 3"
"b3.46", "Pflicht", "üK", "Sie halten im eigenen Arbeitsumfeld die gesetzlichen Vorschriften und betrieblichen Vorgaben zum Schutz der Umwelt ein.", "LN 1"
"b3.47", "Pflicht", "üK", "Sie dokumentieren deren Einhaltung nach betrieblichen Vorgaben.", "LN 2"
"b3.48", "Pflicht", "BE", "Sie lassen in ihrem Handeln und Entscheiden ökologische Aspekte einfliessen.", "LN 3"
"b3.49", "Pflicht", "BE", "Sie erkennen die ökologischen Gefahren in ihrem Arbeitsbereich und leiten zielführende Massnahmen zum Schutz von Umwelt und Mensch ein.", "LN 5"
"b3.50", "Pflicht", "BFS", "Sie bestimmen den ökologischen Fussabdruck der eigenen betrieblichen Tätigkeit, reflektieren diesen und schlagen wo möglich Verbesserungen vor.", "LN 5"
"b3.51", "Pflicht", "BFS", "Sie erkennen die ökologischen Herausforderungen und deren Lösungsmöglichkeiten in ihrem Arbeitsbereich.", "LN 4"
"b3.52", "Pflicht", "üK", "Sie lassen in ihrem Handeln und Entscheiden ökologische Aspekte einfliessen.", "LN 2"
"b4.1", "Pflicht", "BE", "Sie legen anhand des Schemas oder der Funktion die Messpunkte fest.", "LN 4"
"b4.2", "Pflicht", "üK", "Sie ermitteln anhand typischer Beispiele die notwendigen Messpunkte.", "LN 2"
"b4.3", "Pflicht", "BE", "Sie bestimmen die Geräte und Hilfsmittel, welche für die durchzuführenden Messungen nötig sind.", "LN 4"
"b4.4", "Pflicht", "üK", "Sie ermitteln die geeigneten Messgeräte und Hilfsmittel für die durchzuführenden Messungen.", "LN 2"
"b4.5", "Pflicht", "BE", "Sie treffen situationsgerechte Maßnahmen zum Schutz von Personen und Gerät.", "LN 3"
"b4.6", "Pflicht", "üK", "Sie erarbeiten anhand von Beispielsituationen die notwendigen Schutzmaßnahmen für Mensch und Gerät.", "LN 1"
"b4.7", "Pflicht", "BE", "Sie halten während der Inbetriebnahme alle Schritte gemäss Protokoll in der richtigen Abfolge ein.", "LN 3"
"b4.8", "Pflicht", "üK", "Sie halten während der Inbetriebnahme alle Schritte gemäss Protokoll in der richtigen Abfolge ein.", "LN 2"
"b4.9", "Pflicht", "BE", "Sie protokollieren bei Abweichungen vom Sollwert ihre Vermutungen.", "LN 3"
"b4.10", "Pflicht", "üK", "Sie protokollieren bei Abweichungen vom Sollwert ihre Vermutungen.", "LN 2"
"b4.11", "Pflicht", "BE", "Sie messen Schaltungen und achten darauf, deren ursprünglichen Funktion nicht zu beeinflussen.", "LN 3"
"b4.12", "Pflicht", "BFS", "Sie stellen die Signalverläufe von klassischen Grundschaltungen grafisch dar.", "LN 3"
"b4.13", "Pflicht", "BFS", "Sie schätzen den Einfluss von Messgeräten auf Beispielschaltungen ab.", "LN 4"
"b4.14", "Pflicht", "üK", "Sie messen Schaltungen und achten darauf, deren ursprünglichen Funktion nicht zu beeinflussen.", "LN 2"
"b4.15", "Pflicht", "BE", "Sie notieren alle Messparameter und alle gemessenen Werte in einem Messprotokoll gemäss Firmenvorgaben.", "LN 3"
"b4.16", "Pflicht", "üK", "Sie erarbeiten den Inhalt und die Struktur eines Messprotokolls.", "LN 1"
"b4.17", "Pflicht", "üK", "Sie erstellen für ihre Inbetriebnahme übersichtliche Messschemas.", "LN 2"
"b4.18", "Pflicht", "BE", "Sie sammeln für eine Störungsbehebung die nötigen Unterlagen und grenzen die Fehlfunktion der Schaltung systematisch ein.", "LN 4"
"b4.19", "Pflicht", "üK", "Sie beheben auf logische und strukturierte Weise Störungen an Schaltungen.", "LN 3"
"b4.20", "Pflicht", "BE", "Sie validieren die gemachten Messungen gemäss dem Pflichtenheft.", "LN 4"
"b5.1", "Pflicht", "BE", "Sie leiten aufgrund der Spezifikationen Prüfkriterien ab.", "LN 4"
"b5.2", "Pflicht", "BFS", "Sie leiten aus einem beispielhaften Pflichtenheft die Prüfkriterien ab.", "LN 3"
"b5.3", "Pflicht", "BE", "Sie definieren für die Prüfung einer Schaltung sinnvolle Teilschritte und Testkonzepte.", "LN 4"
"b5.4", "Pflicht", "üK", "Sie ermitteln die geeigneten Messgeräte und Hilfsmittel für die durchzuführenden Messungen.", "LN 2"
"b5.5", "Pflicht", "üK", "Sie entwickeln für ein elektronisches Projekt ein Testkonzept.", "LN 3"
"b5.6", "Pflicht", "BE", "Sie führen die Teilschritte gemäss Testkonzept durch.", "LN 3"
"b5.7", "Pflicht", "BE", "Sie protokollieren die Testergebnisse vollständig.", "LN 3"
"b5.8", "Pflicht", "üK", "Sie erstellen für ein elektronisches Projekt ein Testprotokoll.", "LN 2"
"b5.9", "Pflicht", "BE", "Bei unbefriedigenden Testergebnissen initiieren sie nötige Änderungen.", "LN 4"
"b5.10", "Pflicht", "BE", "Sie überprüfen die Auswirkungen gemachter Änderungen auf die gesamte Schaltung.", "LN 4"
"b6.1", "Wahl", "BE", "Sie klären ihre Kompetenzen und holen bei der zuständigen Fachperson Unterstützung ab.", "LN 3"
"b6.2", "Wahl", "BE", "Sie halten die Personenschutzmassnahmen ein.", "LN 3"
"b6.3", "Wahl", "BFS", "Sie erklären den Nutzen des Berührungsschutzes.", "LN 1"
"b6.4", "Wahl", "BE", "Sie halten zum Schutz von Personen und Betriebsmittel die Sicherheitsmassnahmen ein.", "LN 3"
"b6.5", "Wahl", "BFS", "Sie erklären die Effekte der elektrostatischen Entladung (ESD).", "LN 1"
"b6.6", "Wahl", "BE", "Sie halten während der Inbetriebnahme alle Schritte gemäss Protokoll in der richtigen Abfolge ein.", "LN 3"
"b6.7", "Wahl", "BE", "Sie protokollieren bei Abweichungen vom Sollwert ihre Vermutungen.", "LN 4"
"b6.8", "Wahl", "BE", "Sie analysieren die Schaltung und zugehörige Unterlagen und leiten dabei das Soll Verhalten ab.", "LN 4"
"b6.9", "Wahl", "BE", "Sie definieren für die Inbetriebnahme die dazu nötigen Mess- und Prüfmittel.", "LN 4"
"b6.10", "Wahl", "BE", "Sie erstellen für ihre Inbetriebnahme übersichtliche Messschemas.", "LN 4"
"b6.11", "Wahl", "BE", "Sie erstellen ein nachvollziehbares Inbetriebnahmeprotokoll für die elektronische Schaltung.", "LN 3"
"b6.12", "Wahl", "BFS", "Sie erstellen beispielhafte Inbetriebnahmeprotokolle.", "LN 2"
"b6.13", "Wahl", "BE", "Sie definieren nach der Analyse der Abweichungen, mögliche Lösungswege, um das Problem zu beheben.", "LN 5"
"b6.14", "Wahl", "BE", "Sie schliessen ihre Inbetriebnahme gemäss den internen Vorgaben ab.", "LN 3"
"b7.1", "Wahl", "BE", "Sie erstellen Skizzen von Hand.", "LN 3"
"b7.2", "Wahl", "BFS", "Sie setzen Skizziertechniken zur Darstellung von Produkten ein und ergänzen diese mit den notwendigen Informationen.", "LN 2"
"b7.3", "Wahl", "BFS", "Sie unterscheiden analoge sowie digitale Hilfsmittel und setzen diese beim Skizzieren ein.", "LN 1"
"b7.4", "Wahl", "BE", "Sie erstellen Skizzen für die Fertigung.", "LN 3"
"b7.5", "Wahl", "BE", "Sie skizzieren für die technische Kommunikation Produkte zwei- und dreidimensional.", "LN 3"
"b7.6", "Wahl", "BFS", "Sie beurteilen beispielhafte Skizzen auf Grund ihres Verwendungszweckes und legen so den Detailierungsgrad dieser fest.", "LN 2"
"b7.7", "Wahl", "BE", "Sie stellen aufgrund der Auftragsdokumente und der Fertigungsunterlagen das Rohmaterial bereit.", "LN 3"
"b7.8", "Wahl", "BFS", "Sie identifizieren aufgrund der Spezifikationen in den Fertigungsunterlagen die Funktionen von Bauteilen.", "LN 3"
"b7.9", "Wahl", "BFS", "Sie wählen aufgrund der Normbezeichnung den geforderten Werkstoff aus.", "LN 2"
"b7.10", "Wahl", "BE", "Sie kontrollieren aufgrund der Auftragsdokumente und der Fertigungsunterlagen das Rohmaterial.", "LN 3"
"b7.11", "Wahl", "BFS", "Sie unterscheiden aufgrund bestimmter Eigenschaften und ihrer Auswirkungen auf die Umwelt die in der MEM-Branche relevanten Werkstoffe.", "LN 2"
"b7.12", "Wahl", "BE", "Sie planen die Fertigung von Produkten und erstellen die Fertigungsunterlagen.", "LN 3"
"b7.13", "Wahl", "BE", "Sie bestimmen geeignete Handwerkzeuge oder handgeführte Maschinen für die Fertigung von Produkten.", "LN 3"
"b7.14", "Wahl", "BFS", "Sie erläutern die Funktionsweise und Einsatzmöglichkeiten von Handwerkzeugen und handgeführten Maschinen.", "LN 2"
"b7.15", "Wahl", "BE", "Sie bestimmen geeignete Prüfmittel.", "LN 3"
"b7.16", "Wahl", "BFS", "Sie erläutern die Einsatzmöglichkeiten der vorgegebenen Lehren.", "LN 2"
"b7.17", "Wahl", "BE", "Sie fertigen Produkte mit Handwerkzeugen oder handgeführten Maschinen.", "LN 3"
"b7.18", "Wahl", "BE", "Sie kontrollieren das Produkt während des Produktionsprozesses.", "LN 3"
"b7.19", "Wahl", "BFS", "Sie beschreiben Massnahmen zur Qualitätssicherung.", "LN 3"
"b7.20", "Wahl", "BE", "Sie modellieren für additive Verfahren Prototypen von einfachen mechanischen Bauteilen.", "LN 4"
"b7.21", "Wahl", "BFS", "Sie modellieren Einzelteile oder Baugruppen in einer methodisch wie strukturierten angebrachten Form.", "LN 4"
"b7.22", "Wahl", "BFS", "Sie überprüfen erzeugte Modelle in Bezug auf Funktionen und Herstellung und optimieren das Modell.", "LN 4"
"b7.23", "Wahl", "BFS", "Sie importieren Neutralformate, überprüfen die Inhalte und bereiten sie zur Weiterverwendung auf.", "LN 3"
"b7.24", "Wahl", "BFS", "Sie erzeugen Neutralformate für den Datenaustausch oder die weitere Verwendung.", "LN 3"
"b7.25", "Wahl", "BE", "Sie stellen Prototypen von einfachen mechanischen Bauteilen mit additiven Verfahren her.", "LN 3"
"b7.26", "Wahl", "BFS", "Sie erläutern die Rahmenbedingungen für additive Verfahren.", "LN 2"
"b7.27", "Wahl", "BFS", "Sie stellen einfache Bauteile additiv her.", "LN 2"
"c1.1", "Pflicht", "BE", "Sie entwickeln eine Software Struktur gemäss dem Pflichtenheft und stellen diese graphisch dar.", "LN 5"
"c1.2", "Pflicht", "BFS", "Sie führen arithmetische und boolesche Operationen in verschiedenen Zahlensystemen durch.", "LN 2"
"c1.3", "Pflicht", "BFS", "Sie wenden die Grundkonzepte einer Programmiersprache an.", "LN 3"
"c1.4", "Pflicht", "BFS", "Sie wählen für beispielhafte Anwendungen geeignete Mikrocontroller.", "LN 3"
"c1.5", "Pflicht", "BFS", "Sie stellen die Programmstruktur eines Programmes auf verschiedene Arten graphisch dar.", "LN 3"
"c1.6", "Pflicht", "BFS", "Sie lösen mit verschiedenen Software-Architektur Ideen wie EVA-Prinzip oder Zustandsautomaten Problemstellungen.", "LN 3"
"c1.7", "Pflicht", "üK", "Sie realisieren in den Grundstrukturen eines Mikrocontrollers einfachste Programme.", "LN 3"
"c1.8", "Pflicht", "üK", "Sie setzen SW-Entwicklungsmethoden in beispielhaften Situationen ein.", "LN 3"
"c1.9", "Pflicht", "BE", "Sie definieren die Schnittstellen zur verwendeten Hardware.", "LN 3"
"c1.10", "Pflicht", "üK", "Sie erstellen eine Hardwarestruktur inklusive der nötigen Schnittstellen und stellen diese graphisch dar.", "LN 2"
"c1.11", "Pflicht", "BE", "Sie sichern den Entwicklungsstand der Software nachvollziehbar laufend in einer Versionsverwaltung.", "LN 3"
"c1.12", "Pflicht", "BFS", "Sie unterscheiden verschiedene Arten von Versionsverwaltungen.", "LN 2"
"c1.13", "Pflicht", "üK", "Sie setzen ein System für die Versionsverwaltung in der Software-Entwicklung ein.", "LN 2"
"c1.14", "Pflicht", "BE", "Sie konfigurieren unter Berücksichtigung möglicher Energiesparoptionen Mikrokontroller und die umliegende Hardware.", "LN 3"
"c1.15", "Pflicht", "BFS", "Sie interpretieren Datenblätter bezüglich Energiesparzuständen und legen die Konfiguration passend fest.", "LN 3"
"c1.16", "Pflicht", "üK", "Sie realisieren Projekte mit verschiedenen Energiesparoptionen für den Mikrocontroller und die umliegende Hardware.", "LN 2"
"c1.17", "Pflicht", "BE", "Sie programmieren Mikrocontroller gemäss Software Struktur in einer Hochsprache.", "LN 4"
"c1.18", "Pflicht", "üK", "Sie erstellen basierend auf vorhandenen Frameworks eigene Programme.", "LN 3"
"c1.19", "Pflicht", "BE", "Sie finden und beheben Fehler in der Software.", "LN 4"
"c1.20", "Pflicht", "üK", "Sie finden und beheben mit Hilfe der Entwicklungsumgebung Fehler in der Software.", "LN 2"
"c1.21", "Pflicht", "üK", "Sie finden und beheben mittels einer Debugschnittstelle Fehler in der Software.", "LN 2"
"c1.22", "Pflicht", "BE", "Sie steuern mittels Software über Schnittstellen interne und externe Hardware an.", "LN 3"
"c1.23", "Pflicht", "BFS", "Sie setzen verschiedene digitale oder analoge Schnittstellen an beispielhaften Aufgaben ein.", "LN 2"
"c1.24", "Pflicht", "üK", "Sie steuern mit Software-Beispielen im Mikrocontroller integrierte Hardware an.", "LN 2"
"c1.25", "Pflicht", "üK", "Sie kommunizieren über im Mikrocontroller integrierten Schnittstellen mit externer Hardware.", "LN 2"
"c1.26", "Pflicht", "üK", "Sie nutzen mit Software Beispielen Interrupts.", "LN 1"
"c1.27", "Pflicht", "BE", "Sie erweitern oder ändern bestehende Software oder suchen Fehler darin.", "LN 4"
"c1.28", "Pflicht", "BFS", "Sie erklären die Funktion von vorgegebenen Code Sequenzen.", "LN 2"
"c1.29", "Pflicht", "BE", "Sie kompilieren Software, laden diese auf das Zielsystem und nehmen das Programm in Betrieb.", "LN 2"
"c1.30", "Pflicht", "BFS", "Sie erläutern die grundsätzliche Funktion einer Toolchain.", "LN 1"
"c1.31", "Pflicht", "üK", "Sie variieren Compiler-Optionen in Bezug auf Energieoptimierung und Performance.", "LN 2"
"c1.32", "Pflicht", "BE", "Sie passen auftragsbezogene schriftliche Inhalte von technischen Dokumenten in englischer Sprache an.", "LN 2"
"c1.33", "Pflicht", "BE", "Sie kommunizieren über auftragsbezogene technische Dokumentationen in englischer Sprache auf dem Niveau A2.", "LN 2"
"c1.34", "Pflicht", "BE", "Sie interpretieren technische Dokumentation in englischer Sprache und setzen deren Inhalte am Arbeitsplatz um.", "LN 2"
"c1.35", "Pflicht", "BFS", "Sie passen Inhalte von technischen Dokumenten in englischer Sprache an.", "LN 3"
"c1.36", "Pflicht", "BFS", "Sie kommunizieren über technische Dokumentationen in englischer Sprache auf dem Niveau A2.", "LN 3"
"c1.37", "Pflicht", "BFS", "Sie interpretieren technische Dokumentationen in englischer Sprache.", "LN 2"
"c2.1", "Pflicht", "BE", "Sie überprüfen laufend die Anforderungen während der Entwicklung.", "LN 3"
"c2.2", "Pflicht", "BFS", "Sie erklären die Vorzüge eines methodischen und strukturierten Durchführens der Überprüfung von Anforderungen.", "LN 2"
"c2.3", "Pflicht", "BE", "Sie leiten aufgrund der Spezifikationen Prüfkriterien ab.", "LN 4"
"c2.4", "Pflicht", "BFS", "Sie leiten aus einem beispielhaften Pflichtenheft die Prüfkriterien ab.", "LN 3"
"c2.5", "Pflicht", "BE", "Sie erstellen auf Grund der Prüfkriterien die Testfälle.", "LN 4"
"c2.6", "Pflicht", "üK", "Sie definieren Prüfkriterien für beispielhafte Aufgabenstellungen.", "LN 3"
"c2.7", "Pflicht", "BE", "Sie führen die Tests durch.", "LN 3"
"c2.8", "Pflicht", "üK", "Sie führen die Tests durch.", "LN 2"
"c2.9", "Pflicht", "BE", "Sie dokumentieren die Testresultate.", "LN 3"
"c2.10", "Pflicht", "üK", "Sie dokumentieren die Testresultate.", "LN 2"
"c2.11", "Pflicht", "BE", "Sie analysieren die Testresultate und bei unbefriedigenden Testresultaten initiieren sie passende Änderungen.", "LN 4"
"c2.12", "Pflicht", "üK", "Sie analysieren die Testresultate und machen Aussagen zu deren Qualität.", "LN 3"
"c2.13", "Pflicht", "BE", "Sie schlagen aufgrund der Testresultate Optimierungen vor.", "LN 4"
"c2.14", "Pflicht", "BFS", "Sie erläutern die Prinzipien des Ecodesigns in Bezug auf material- und energieeffizientes Design.", "LN 2"
"c2.15", "Pflicht", "BE", "Sie überprüfen die Auswirkungen gemachter Änderungen auf die Software.", "LN 3"
"c3.1", "Wahl", "BE", "Sie integrieren Geräte, Sensoren oder Aktoren in einem Netzwerk oder Bussystem und konfigurieren diese, um die Kommunikation zu ermöglichen.", "LN 3"
"c3.2", "Wahl", "BFS", "Sie unterscheiden verschiedene Netzwerkkomponenten und beschreiben ihre Eigenschaften.", "LN 2"
"c3.3", "Wahl", "BFS", "Sie wählen ein zu den Anforderungen passendes Bussystem aus.", "LN 2"
"c3.4", "Wahl", "BFS", "Sie erstellen Netz- oder Bustopologien beispielhafter Anwendungen.", "LN 3"
"c3.5", "Wahl", "BFS", "Sie parametrisieren Netzwerkgeräte mit einer geeigneten Software.", "LN 3"
"c3.6", "Wahl", "BFS", "Sie nehmen aufgrund von möglichen Cyber-Gefahren einfache Sicherheitseinstellungen vor.", "LN 3"
"c3.7", "Wahl", "BFS", "Sie testen die Kommunikation der Bussysteme.", "LN 2"
"c3.8", "Wahl", "BFS", "Sie erstellen ein kleines Netz für eine einfache Anwendung.", "LN 3"
"c3.9", "Wahl", "BE", "Sie bestimmen Betriebsmittel, Sensoren oder Aktoren, welche den Kundenbedürfnissen entsprechen.", "LN 5"
"c3.10", "Wahl", "BFS", "Sie wählen einen geeigneten Sensor zu einer Aufgabenstellung aus.", "LN 3"
"c3.11", "Wahl", "BE", "Sie entwickeln netzwerkfähige elektronische Hardware.", "LN 4"
"c3.12", "Wahl", "BFS", "Sie setzen zur Einbindung von elektronischer Hardware in Netzwerke verschiedene Technologien ein.", "LN 3"
"c3.13", "Wahl", "BE", "Sie binden Geräte, Sensoren oder Aktoren in die Cloud ein.", "LN 3"
"c3.14", "Wahl", "BE", "Sie erstellen einen Prototypen Aufbau zum Testen des Zusammenspiels der verschiedenen Komponenten.", "LN 5"
"c3.15", "Wahl", "BFS", "Sie verbinden Sensoren mit einer Steuerung.", "LN 2"
"c3.16", "Wahl", "BFS", "Sie bauen ein einfaches IoT-Netz mit intelligenten Komponenten.", "LN 3"
"c3.17", "Wahl", "BFS", "Sie erstellen die Visualisierung der Daten in einer Cloud-Oberfläche.", "LN 3"
"c3.18", "Wahl", "BFS", "Sie stellen die Komponenten nach den Anforderungen mit Hilfe des Datenblattes ein.", "LN 2"
"c3.19", "Wahl", "BE", "Sie dokumentieren die Netz- oder Bustopologie zusammen mit den gemachten Konfigurationen in der Entwicklungsdokumentation.", "LN 3"
"c4.1", "Wahl", "BE", "Sie sichern den Entwicklungsstand der Software nachvollziehbar laufend in einer Versionsverwaltung.", "LN 3"
"c4.2", "Wahl", "BFS", "Sie unterscheiden verschiedene Arten von Versionsverwaltungen.", "LN 2"
"c4.3", "Wahl", "BE", "Sie dokumentieren die relevanten Aspekte der Applikation.", "LN 3"
"c4.4", "Wahl", "BE", "Sie beschaffen die nötigen Informationen über anzusteuernde Hardware.", "LN 3"
"c4.5", "Wahl", "BFS", "Sie identifizieren verschiedene Arten von Schnittstellen und deren Ansteuerung.", "LN 2"
"c4.6", "Wahl", "BFS", "Sie steuern über Schnittstellen mittels Software externe Hardware an.", "LN 2"
"c4.7", "Wahl", "BE", "Sie erstellen ein detailliertes Konzept aufgrund des Pflichtenheftes.", "LN 5"
"c4.8", "Wahl", "BFS", "Sie erstellen Detailkonzepte in standardisierten Darstellungsarten.", "LN 4"
"c4.9", "Wahl", "BE", "Sie programmieren eine Applikation in einer Hochsprache.", "LN 5"
"c4.10", "Wahl", "BFS", "Sie programmieren mit Grundkonzepten einer objektorientierten Programmiersprache.", "LN 5"
"c4.11", "Wahl", "BE", "Sie nehmen die Hardware und die Applikation in Betrieb.", "LN 3"
"c4.12", "Wahl", "BE", "Sie erweitern oder verbessern bestehende Applikationen.", "LN 5"
"c4.13", "Wahl", "BE", "Sie optimieren die Applikation bezüglich Energieeffizienz und Langlebigkeit der eingesetzten Hardware.", "LN 5"
"c5.1", "Wahl", "BE", "Sie erstellen für eine Lösung mit Logikschaltungen gemäss dem Pflichtenheft eine grafische Analyse der Problemstellung.", "LN 4"
"c5.2", "Wahl", "BFS", "Sie lösen Problemstellungen mit binären Grundverknüpfungen.", "LN 5"
"c5.3", "Wahl", "BFS", "Sie stellen die Struktur einer Logikschaltung auf verschiedene Arten graphisch dar.", "LN 3"
"c5.4", "Wahl", "BE", "Sie definieren die Schnittstellen zur verwendeten Hardware.", "LN 4"
"c5.5", "Wahl", "BFS", "Sie steuern übliche Schnittstellen per programmierbaren Logikbaustein an.", "LN 3"
"c5.6", "Wahl", "BE", "Sie sichern den Entwicklungsstand der Software nachvollziehbar laufend in einer Versionsverwaltung.", "LN 3"
"c5.7", "Wahl", "BFS", "Sie unterscheiden verschiedene Arten von Versionsverwaltungen.", "LN 2"
"c5.8", "Wahl", "BE", "Sie beschreiben unter Berücksichtigung möglicher Energiesparoptionen Logikschaltungen und die umliegende Hardware.", "LN 5"
"c5.9", "Wahl", "BFS", "Sie interpretieren Datenblätter bezüglich Energiesparzuständen und legen die Konfiguration passend fest.", "LN 3"
"c5.10", "Wahl", "BE", "Sie entwickeln gemäss Pflichtenheft Logikschaltungen in einer Hardware-Beschreibungssprache oder mit grafischen Entwicklungswerkzeugen.", "LN 5"
"c5.11", "Wahl", "BFS", "Sie entwickeln logische Grundschaltungen in einer Hardware-Beschreibungssprache und mit grafischen Entwicklungswerkzeugen.", "LN 4"
"c5.12", "Wahl", "BFS", "Sie lösen Problemstellungen mit sequenzieller oder kombinatorischer Logik.", "LN 4"
"c5.13", "Wahl", "BE", "Sie finden und beheben Fehler in den Logikschaltungen.", "LN 4"
"c5.14", "Wahl", "BE", "Sie erweitern, ändern oder suchen Fehler in bestehenden Logikschaltungen.", "LN 4"
"c5.15", "Wahl", "BFS", "Sie erklären die Funktion von vorgegebenen Logikschaltungen.", "LN 2"
"c5.16", "Wahl", "BE", "Sie synthetisieren Logikschaltungen, laden diese auf das Zielsystem und nehmen die Schaltung in Betrieb.", "LN 3"
"c5.17", "Wahl", "BFS", "Sie erläutern die grundsätzliche Funktion einer Toolchain.", "LN 2"
"d1.1", "Pflicht", "BE", "Sie unterscheiden zwischen Projekt, projektorientiertem Auftrag und Aufgabe.", "LN 2"
"d1.2", "Pflicht", "BE", "Sie stellen bei Aufträgen/Anliegen von Kunden oder Lieferanten aufgrund der Dokumentenanalyse relevante Fragen.", "LN 3"
"d1.3", "Pflicht", "BE", "Sie nehmen Aufträge/Anliegen von Kunden oder Lieferanten entgegen und interpretieren die Auftragsdokumente.", "LN 2"
"d1.4", "Pflicht", "BE", "Sie nehmen Aufträge/Anliegen von Kunden oder Lieferanten entgegen und kommunizieren dabei aktiv.", "LN 3"
"d1.5", "Pflicht", "BE", "Sie definieren im projektorientierten Auftrag aufgrund der Anliegen von Kunden und Lieferanten die Abgrenzungen zu anderen Projekten und Aufträgen.", "LN 2"
"d1.6", "Pflicht", "BE", "Sie definieren im projektorientierten Auftrag aufgrund der Anliegen von Kunden und Lieferanten die Rahmenbedingungen zum Projektauftrag.", "LN 2"
"d1.7", "Pflicht", "BE", "Sie erstellen aufgrund der Anliegen von Kunden und Lieferanten die Anforderungsliste für den Auftrag.", "LN 2"
"d1.8", "Pflicht", "BFS", "Sie erstellen Projektaufträge.", "LN 2"
"d1.9", "Pflicht", "BFS", "Sie formulieren Ziele, erstellen einen Zeitplan und legen die Vorgehensmethoden für ein Projekt fest.", "LN 4"
"d1.10", "Pflicht", "BE", "Sie ergänzen in der Anforderungsliste die relevanten technischen Informationen für den Auftrag.", "LN 2"
"d1.11", "Pflicht", "BE", "Sie recherchieren die relevanten technischen Informationen zum Auftrag und informieren entsprechend.", "LN 3"
"d1.12", "Pflicht", "BFS", "Sie informieren die Projektpartner über den Projektauftrag.", "LN 2"
"d1.13", "Pflicht", "BFS", "Sie beschaffen sich gezielt Informationen aus dem Internet oder anderen Quellen mit Hilfe klarer Suchkriterien, und beurteilen sie kritisch.", "LN 3"
"d1.14", "Pflicht", "BFS", "Sie stellen Informationen mit Hilfe geeigneter Strukturtechniken übersichtlich dar und erkennen so mögliche Zusammenhänge.", "LN 3"
"d1.15", "Pflicht", "BE", "Sie erläutern in der internen Kommunikation die technischen Begriffe anderen Beteiligten.", "LN 2"
"d1.16", "Pflicht", "BE", "Sie setzen in der internen Kommunikation die richtigen technischen Begriffe ein.", "LN 3"
"d1.17", "Pflicht", "BFS", "Sie beschreiben präzise einen Vorgang und erklären diesen.", "LN 3"
"d1.18", "Pflicht", "BE", "Sie kommunizieren den Kunden und Lieferanten die relevanten Auftragsdaten (Sie pflegen den Informationsaustausch).", "LN 2"
"d1.19", "Pflicht", "BE", "Sie optimieren aufgrund von Rückmeldungen Auftragsplanungen.", "LN 3"
"d1.20", "Pflicht", "BE", "Sie erstellen gemäss Kundenauftrag Auftragsplanungen.", "LN 4"
"d1.21", "Pflicht", "BE", "Sie koordinieren im Auftrag Arbeitsabläufe und Termine.", "LN 2"
"d1.22", "Pflicht", "BFS", "Sie koordinieren mit den Projektmitarbeitern die Planung von Kundenaufträgen.", "LN 3"
"d1.23", "Pflicht", "BFS", "Sie erstellen, strukturieren und formatieren Tabellen von Kundenaufträgen mit relevanten Daten in entsprechenden Computerprogrammen.", "LN 2"
"d1.24", "Pflicht", "BE", "Sie stellen Kundentermine sowie den Einsatz von Mitarbeitenden sicher.", "LN 2"
"d1.25", "Pflicht", "BE", "Sie planen eine optimale Auslastung der Betriebsmittel und Materialien.", "LN 4"
"d1.26", "Pflicht", "BFS", "Sie verwenden verschiedene Werkzeuge für die Planung der Ressourcen (Betriebsmittel, Materialien, Mitarbeitenden etc.).", "LN 2"
"d1.27", "Pflicht", "BFS", "Sie halten Kundentermine ein.", "LN 2"
"d1.28", "Pflicht", "BFS", "Sie wenden die Arbeitszeitreglemente und relevanten Gesetze an.", "LN 3"
"d1.29", "Pflicht", "BE", "Sie antizipieren mögliche unvorhersehbare Veränderungen.", "LN 4"
"d1.30", "Pflicht", "BE", "Sie identifizieren sich gegenseitig beeinflussende Faktoren.", "LN 4"
"d1.31", "Pflicht", "BFS", "Sie reagieren auf Veränderungen im Projekt.", "LN 3"
"d1.32", "Pflicht", "BFS", "Sie erkennen Einflussfaktoren wie Lieferketten, Verfügbarkeiten und politische Faktoren auf ein Projekt.", "LN 3"
"d1.33", "Pflicht", "BE", "Sie validieren die erarbeitete Planung und treffen die Entscheidung über die weitere Vorgehensweise.", "LN 3"
"d1.34", "Pflicht", "BFS", "Sie hinterfragen die Projektplanung laufend während eines Projektes und reagieren entsprechend auf Abweichungen.", "LN 2"
"d1.35", "Pflicht", "BE", "Sie setzen Methoden zur Planung adäquat ein.", "LN 3"
"d1.36", "Pflicht", "BFS", "Sie wenden Methoden zur Lösungsfindung in der Planung an.", "LN 3"
"d1.37", "Pflicht", "BE", "Sie reflektieren gegenüber Mitarbeitern, Vorgesetzten und im Team ihre Rollenwahrnehmung.", "LN 2"
"d1.38", "Pflicht", "BE", "Sie nehmen ihre verschiedenen spezifischen Rollen im Arbeitsprozess wahr und handeln ihren Kompetenzen entsprechend.", "LN 3"
"d1.39", "Pflicht", "BE", "Sie entwickeln innovative Ideen.", "LN 4"
"d1.40", "Pflicht", "BE", "Sie treiben innovative Ideen voran.", "LN 3"
"d1.41", "Pflicht", "BE", "Sie unterstützen andere bei der Umsetzung innovativer Ideen und richten ihre Tätigkeiten an den Zielen und der Strategie des Unternehmens aus.", "LN 2"
"d1.42", "Pflicht", "BFS", "Sie entwickeln aufgrund von Kunden- und Marktbedürfnissen neue Ideen.", "LN 4"
"d1.43", "Pflicht", "BFS", "Sie entwickeln Ideen unter Verwendung von Kreativitätstechniken und berücksichtigen Aspekte der Nachhaltigkeit.", "LN 4"
"d1.44", "Pflicht", "BFS", "Sie untersuchen und dokumentieren Rahmenbedingungen und Erfolgsfaktoren zur Finanzierung und Rentabilität.", "LN 3"
"d1.45", "Pflicht", "BFS", "Sie leiten eine Geschäftsidee und Alleinstellungsmerkmale ab (Vision und Mission).", "LN 3"
"d1.46", "Pflicht", "BFS", "Sie berücksichtigen die Prinzipien der Kreislaufwirtschaft (inkl. Herstellungs-, Verkaufs- und Wiederverwertung).", "LN 2"
"d1.47", "Pflicht", "BFS", "Sie planen die Projektkommunikation.", "LN 2"
"d1.48", "Pflicht", "BFS", "Sie zeigen die Bestandteile Leitbild, Ziele, Strategie und Organisation eines Unternehmens auf, und erklären deren Wechselwirkung.", "LN 2"
"d1.49", "Pflicht", "BE", "Sie nehmen eine Führungsrolle wahr.", "LN 3"
"d1.50", "Pflicht", "BFS", "Sie erkennen eigene Stärken und Schwächen und führen sich entsprechend.", "LN 3"
"d1.51", "Pflicht", "BFS", "Sie führen mit geeigneten Methoden in der Projektgruppe Entscheidungen herbei.", "LN 3"
"d1.52", "Pflicht", "BE", "Sie setzen technologische Trends betriebsspezifisch in ihrem Arbeitsbereich um.", "LN 2"
"d1.53", "Pflicht", "BFS", "Sie erläutern technologische Trends in ihrem Arbeitsbereich.", "LN 3"
"d1.54", "Pflicht", "BE", "Sie treiben erfolgsversprechende Veränderungen voran.", "LN 4"
"d1.55", "Pflicht", "BE", "Sie nehmen Aufträge/Anliegen von Kunden oder Lieferanten entgegen und stellen aufgrund der Dokumentenanalyse die relevanten Fragen.", "LN 3"
"d1.56", "Pflicht", "BE", "Sie setzen die richtigen technischen Begriffe in der internen Kommunikation ein und erläutern diese anderen Beteiligten.", "LN 3"
"d1.57", "Pflicht", "BE", "Sie kommunizieren in Verhandlungssituationen den Kunden und Lieferanten die relevanten Projektdaten (Sie pflegen den Informationsaustausch).", "LN 4"
"d2.1", "Pflicht", "BE", "Sie setzen Methoden zur Kontrolle in einem projektorientierten Auftrag adäquat ein.", "LN 2"
"d2.2", "Pflicht", "BFS", "Sie setzen Methoden zur Projektkontrolle ein.", "LN 2"
"d2.3", "Pflicht", "BE", "Sie überprüfen laufend die Zielerreichung des projektorientierten Auftrages bezüglich der Termine (Meilensteine) und Kosten.", "LN 2"
"d2.4", "Pflicht", "BE", "Sie überprüfen laufend die Zielerreichung des projektorientierten Auftrages bezüglich der Qualität, Quantität und Verantwortlichkeiten.", "LN 2"
"d2.5", "Pflicht", "BFS", "Sie überwachen die Projektkosten durch unternehmerisches Denken und Handeln.", "LN 3"
"d2.6", "Pflicht", "BFS", "Sie überwachen die relevanten Projektdaten mit den passenden Tools.", "LN 2"
"d2.7", "Pflicht", "BE", "Sie ergreifen bei Auftragsabweichungen zielführende Massnahmen.", "LN 2"
"d2.8", "Pflicht", "BE", "Sie kommunizieren Auftragsabweichungen gegenüber den betroffenen Personen.", "LN 2"
"d2.9", "Pflicht", "BFS", "Sie ergreifen bei Projektabweichungen selbstständig Massnahmen für den Projekterfolg.", "LN 3"
"d2.10", "Pflicht", "BE", "Sie bewerten Auftragsänderungen.", "LN 3"
"d2.11", "Pflicht", "BE", "Sie stellen die Nachverfolgung von auftragsrelevanten Dokumenten sicher.", "LN 2"
"d2.12", "Pflicht", "BFS", "Sie dokumentieren Projektabweichungen mit den entsprechenden (digitalen) Tools.", "LN 2"
"d2.13", "Pflicht", "BE", "Sie setzen bei der Arbeitsausführung die Vorgaben der Arbeitsprozesse, die Branchennormen und betrieblichen Qualitätsvorgaben um.", "LN 3"
"d2.14", "Pflicht", "BE", "Sie überprüfen Arbeiten im Entstehungsprozess und führen entsprechende Kontrollen nach betrieblichen Vorgaben durch.", "LN 3"
"d2.15", "Pflicht", "BE", "Sie planen, wenn nötig, nachvollziehbare Korrekturmassnahmen und setzen diese um.", "LN 4"
"d3.1", "Pflicht", "BE", "Sie werten den projektorientierten Auftrag aufgrund der Erreichung der Auftragsziele aus.", "LN 3"
"d3.2", "Pflicht", "BE", "Sie dokumentieren die Auftragserfüllung auf Basis der Erreichung der Auftragsziele.", "LN 2"
"d3.3", "Pflicht", "BFS", "Sie dokumentieren den Projekterfolg mit den passenden digitalen Tools.", "LN 2"
"d3.4", "Pflicht", "BFS", "Sie setzen (geeignete) Auswertungsmethoden zur Bewertung des Projekterfolgs ein.", "LN 3"
"d3.5", "Pflicht", "BFS", "Sie archivieren die relevanten Dokumente in digitaler Form.", "LN 3"
"d3.6", "Pflicht", "BE", "Sie dokumentieren ihre persönliche Entwicklung, in dem Sie mittels Selbstreflexion ihre Arbeit am Auftrag auswerten.", "LN 3"
"d3.7", "Pflicht", "BE", "Sie reflektieren und dokumentieren ihre persönliche Entwicklung während des Auftrags.", "LN 3"
"d3.8", "Pflicht", "BFS", "Sie dokumentieren und präsentieren ihren Zuwachs an Kompetenzen mit geeigneten Werkzeugen.", "LN 2"
"d3.9", "Pflicht", "BE", "Sie reflektieren ihr Verhalten, nehmen die zwischenmenschlichen Prozesse wahr und handeln entsprechend.", "LN 3"
"d3.10", "Pflicht", "BE", "Sie analysieren den Auftragsablauf und die Auftragserfüllung.", "LN 3"
"d3.11", "Pflicht", "BE", "Sie bewerten den Auftragsablauf und die Auftragserfüllung.", "LN 3"
"d3.12", "Pflicht", "BFS", "Sie analysieren und bewerten Projektdaten und -dokumente.", "LN 3"
"d3.13", "Pflicht", "BFS", "Sie stellen Resultate in geeigneter und ansprechender Form dar.", "LN 2"
"d3.14", "Pflicht", "BE", "Sie entwickeln neue Ideen für zukünftige projektorientierte Aufträge.", "LN 3"
"d3.15", "Pflicht", "BE", "Sie optimieren bestehende Auftragsprozesse aus der eigenen Arbeitserfahrung.", "LN 2"
"d3.16", "Pflicht", "BFS", "Sie wenden Methoden der Ideenfindung an konkreten Beispielen an.", "LN 2"
"d3.17", "Pflicht", "BFS", "Sie entwickeln neue Ideen aufgrund bereits bestehender Lösungen.", "LN 3"
"d3.18", "Pflicht", "BFS", "Sie bestimmen Verbesserungen für zukünftige Projekte und Arbeiten.", "LN 2"
"d3.19", "Pflicht", "BE", "Sie präsentieren die Auswertung des Auftrages den relevanten Personen in ihrem Betrieb.", "LN 2"
"d3.20", "Pflicht", "BFS", "Sie bereiten technische Informationen übersichtlich und nachvollziehbar auf.", "LN 3"
"d4.1", "Wahl", "BE", "Sie bestimmen den Ausbildungsbedarf und formulieren die nötigen Lernziele.", "LN 4"
"d4.2", "Wahl", "BFS", "Sie formulieren für sich eigene Lernziele.", "LN 3"
"d4.3", "Wahl", "BE", "Sie planen und organisieren Schulungsanlässe oder Ausbildungssequenzen.", "LN 4"
"d4.4", "Wahl", "BE", "Sie klären den Stand der Vorkenntnisse und Vorerfahrungen der Kunden ab.", "LN 3"
"d4.5", "Wahl", "BE", "Sie planen eine Schulung oder eine Ausbildungssequenz zielgruppengerecht und entlang eines Lernprozesses.", "LN 4"
"d4.6", "Wahl", "BFS", "Sie führen kleine Ausbildungssequenzen für Gruppen von Lernenden durch.", "LN 3"
"d4.7", "Wahl", "BE", "Sie entwickeln ein Drehbuch für eine Schulung oder eine Ausbildungssequenz.", "LN 3"
"d4.8", "Wahl", "BE", "Sie planen und instruieren je nach Gefahrenpotential Sicherheitsvorkehrungen und entsprechende Massnahmen.", "LN 4"
"d4.9", "Wahl", "BE", "Sie setzen lernzieladäquate Methoden ein.", "LN 3"
"d4.10", "Wahl", "BFS", "Sie instruieren Lernende aus der eigenen Lerngruppe mit geeigneten Methoden.", "LN 3"
"d4.11", "Wahl", "BE", "Sie setzen für den Lernprozess vorhandene Medien ein.", "LN 3"
"d4.12", "Wahl", "BE", "Sie entwickeln zielgruppenadäquate Schulungsunterlagen.", "LN 3"
"d4.13", "Wahl", "BE", "Sie leiten unter Anwendung verschiedener Methoden Schulungen oder Ausbildungssequenzen.", "LN 3"
"d4.14", "Wahl", "BFS", "Sie gestalten und strukturieren Schulungsunterlagen adressatengerecht und mit unterschiedlichen Repräsentationsformen.", "LN 3"
"d4.15", "Wahl", "BE", "Sie überprüfen die Lernziele resp. die angestrebten Kompetenzen.", "LN 4"
"d4.16", "Wahl", "BFS", "Sie reflektieren die Erreichung der eigenen Lernziele.", "LN 5"
"d4.17", "Wahl", "BE", "Sie führen eine abschliessende Teilnehmerumfrage und eine selbstkritische Reflexion durch.", "LN 5"
"d5.1", "Wahl", "BE", "Sie planen und organisieren die Fertigung in der Elektronik.", "LN 4"
"d5.2", "Wahl", "BE", "Sie beschaffen die nötigen Komponenten.", "LN 3"
"d5.3", "Wahl", "BE", "Sie organisieren die Produktionsunterlagen.", "LN 3"
"d5.4", "Wahl", "BE", "Sie überprüfen die Produktionsunterlagen auf offensichtliche Fehler.", "LN 3"
"d5.5", "Wahl", "BE", "Sie organisieren die nötigen Betriebs- und Messmittel.", "LN 3"
"d5.6", "Wahl", "BE", "Sie halten zum Schutz von Personen und Betriebsmittel die Sicherheitsmassnahmen ein.", "LN 3"
"d5.7", "Wahl", "BFS", "Sie erklären die Effekte der elektrostatischen Entladung (ESD).", "LN 1"
"d5.8", "Wahl", "BE", "Sie arbeiten in verschiedenen Positionen innerhalb einer Fertigung für elektronische Produkte.", "LN 3"
"d5.9", "Wahl", "BE", "Sie überwachen die Produktionsanlagen und treffen, wenn nötig, Massnahmen.", "LN 3"
"d5.10", "Wahl", "BE", "Sie testen die Funktion der Produkte gemäss den Vorgaben.", "LN 3"
"d5.11", "Wahl", "BE", "Sie installieren Firmware in den Geräten.", "LN 3"
"d5.12", "Wahl", "BE", "Sie melden Unregelmässigkeiten beim Auftraggeber.", "LN 3"
"d5.13", "Wahl", "BE", "Sie bereinigen Fehler in Absprache mit dem Auftraggeber in den Unterlagen und der Betriebsmittel.", "LN 3"
"d6.1", "Wahl", "BE", "Sie stellen Defekte bei Produktions- und Arbeitsmitteln fest.", "LN 3"
"d6.2", "Wahl", "BE", "Sie interpretieren Qualitätssicherungsmerkmale an Produktions- und Arbeitsmittel.", "LN 3"
"d6.3", "Wahl", "BE", "Sie klären vorhandene Garantieansprüche ab.", "LN 3"
"d6.4", "Wahl", "BFS", "Sie beschaffen und strukturieren Daten aus unterschiedlichen Quellen.", "LN 3"
"d6.5", "Wahl", "BE", "Sie führen die vorgeschriebenen Schritte gemäss Wartungsunterlagen durch.", "LN 3"
"d6.6", "Wahl", "BE", "Sie dokumentieren die vorliegenden Messwerte im Bezug zum Soll-Wert.", "LN 3"
"d6.7", "Wahl", "BE", "Sie erfassen in der internen Datenbank den Zustand der Geräte.", "LN 3"
"d6.8", "Wahl", "BE", "Sie klären im Falle einer Beanstandung das weitere Vorgehen ab.", "LN 4"
"d6.9", "Wahl", "BE", "Sie untersuchen systematisch eine Fehlfunktion eines Gerätes.", "LN 4"
"d6.10", "Wahl", "BE", "Sie stellen mit Hilfe der Bedienungsanleitung ein Gerät gemäss den Anforderungen ein.", "LN 3"
"d6.11", "Wahl", "BE", "Sie beheben im Rahmen ihrer Kompetenz die Fehlfunktion.", "LN 4"
"d6.12", "Wahl", "BE", "Sie orientieren den Auftraggeber über Umfang und Zeitdauer der Instandhaltung.", "LN 4"
"d6.13", "Wahl", "BE", "Sie kennzeichnen die gewarteten Geräte.", "LN 3"
"d7.1", "Wahl", "BE", "Sie interpretieren die Fertigungsunterlagen einer automatisierten Anlage.", "LN 4"
"d7.2", "Wahl", "BE", "Sie studieren die Fertigungsunterlagen und erkennen die Funktion der Anlage.", "LN 4"
"d7.3", "Wahl", "BE", "Sie beschaffen sich selbständig Informationen zur Funktion einer automatisierten Anlage.", "LN 3"
"d7.4", "Wahl", "BE", "Sie erstellen auf der Grundlage der Fertigungsunterlagen einen Arbeitsplan.", "LN 3"
"d7.5", "Wahl", "BE", "Sie überwachen Prozessdaten in automatisierten Anlagen und leiten, wenn nötig Massnahmen ein.", "LN 4"
"d7.6", "Wahl", "BE", "Sie binden zur Auswertung die Prozessdaten in eine Cloud ein.", "LN 3"
"d7.7", "Wahl", "BE", "Sie lesen vorhandene Prozessdaten aus.", "LN 2"
"d7.8", "Wahl", "BE", "Sie analysieren die ausgelesenen Prozessdaten und stellen Trendwerte grafisch dar.", "LN 2"
"d7.9", "Wahl", "BE", "Sie bestimmen aus den Prozessdaten mögliche Optimierungen.", "LN 5"
"d7.10", "Wahl", "BFS", "Sie bestimmen Produktionsphasen mit guter Qualität und werten daraus Vergleichswerte der Prozessdaten aus.", "LN 4"
"d7.11", "Wahl", "BFS", "Sie definieren Erfassungszyklen, Datenstrukturen und Speicherung.", "LN 3"
"d7.12", "Wahl", "BFS", "Sie definieren Alarmwerte, setzen in der Software Warn- & Alarmpunkte und definieren die Adressaten der Meldungen.", "LN 3"
"d7.13", "Wahl", "BFS", "Sie machen Vorschläge zu möglichen Echtzeitauswertungen und die verschiedenen Möglichkeiten der grafischen Darstellung.", "LN 4"
"d7.14", "Wahl", "BFS", "Sie wählen zur Datenerfassung eine zukunftsgerichtete Netzinfrastruktur.", "LN 3"
"d7.15", "Wahl", "BFS", "Sie verwenden zur Prozessdatenanalyse passende KI-Module.", "LN 2"
"d8.1", "Wahl", "BE", "Sie passen die Vorgehensweise der Gerätesituation an.", "LN 3"
"d8.2", "Wahl", "BE", "Sie beschaffen die Dokumentationen für die Geräte bei den zuständigen Stellen.", "LN 3"
"d8.3", "Wahl", "BE", "Sie prüfen die Geräte unter Berücksichtigung derer Funktionen in der Gesamtanlage und im Gesamtprozess.", "LN 4"
"d8.4", "Wahl", "BFS", "Sie erklären auf Grund von aktuellen und alten Unterlagen elektronische Geräte deren Funktion und Aufbau.", "LN 2"
"d8.5", "Wahl", "BE", "Sie berücksichtigen in ihrem Vorgehen in der Gesamtanlage die Sicherheitsaspekte.", "LN 3"
"d8.6", "Wahl", "BE", "Sie prüfen die Geräte unter Einhaltung der Richtlinien für den Personenschutz.", "LN 3"
"d8.7", "Wahl", "BFS", "Sie erklären die Richtlinien für den Personenschutz.", "LN 2"
"d8.8", "Wahl", "BE", "Sie planen zusammen mit den verantwortlichen Personen den Prüfablauf.", "LN 4"
"d8.9", "Wahl", "BE", "Sie besprechen mit den zuständigen Personen auftretende Probleme und nötige Massnahmen bezüglich Wartung und Reparatur.", "LN 4"
"d8.10", "Wahl", "BE", "Sie erstellen einen Prüfbericht mit den getätigten Messungen und Massnahmen.", "LN 3"
"d9.1", "Wahl", "BE", "Sie wählen auf Grund des Pflichtenhefts die geeignetsten Geräte.", "LN 4"
"d9.2", "Wahl", "BFS", "Sie setzen verschiedene Regler Typen zur Steuerung beispielhafter Regelstrecken ein.", "LN 4"
"d9.3", "Wahl", "BFS", "Sie setzen in Beispielen von technischen Systemen verschiedene Arten der automatischen Produktverfolgung und Qualitätskontrolle ein.", "LN 4"
"d9.4", "Wahl", "BE", "Sie verbinden oder vernetzen zur Erfüllung der Anforderungen aus dem Pflichtenheft verschiedene Geräte.", "LN 4"
"d9.5", "Wahl", "BFS", "Sie erstellen beispielhafte Topologien von verschiedenen Bussystemen und Netzwerken.", "LN 4"
"d9.6", "Wahl", "BFS", "Sie setzen verschiedene Arten von Bus- und Netzwerkverbindungen in Beispielen ein.", "LN 3"
"d9.7", "Wahl", "BE", "Sie konfigurieren zur Lösung der gestellten Aufgabe die Geräte.", "LN 5"
"d9.8", "Wahl", "BE", "Sie nehmen das technische System unter Berücksichtigung von Sicherheitsvorschriften in Betrieb und dokumentieren dies nachvollziehbar.", "LN 3"
"d9.9", "Wahl", "BFS", "Sie stellen den Aufbau von technischen Systemen graphisch dar.", "LN 3"
"d9.10", "Wahl", "BE", "Sie beheben Fehler oder Probleme und dokumentieren gemachte Änderungen.", "LN 4"
